/*
SQLyog Trial v11.51 (64 bit)
MySQL - 8.0.12 : Database - cmall_omc
*********************************************************************
*/

/*!40101 SET NAMES utf8 */;

/*!40101 SET SQL_MODE=''*/;

/*!40014 SET @OLD_UNIQUE_CHECKS=@@UNIQUE_CHECKS, UNIQUE_CHECKS=0 */;
/*!40014 SET @OLD_FOREIGN_KEY_CHECKS=@@FOREIGN_KEY_CHECKS, FOREIGN_KEY_CHECKS=0 */;
/*!40101 SET @OLD_SQL_MODE=@@SQL_MODE, SQL_MODE='NO_AUTO_VALUE_ON_ZERO' */;
/*!40111 SET @OLD_SQL_NOTES=@@SQL_NOTES, SQL_NOTES=0 */;
CREATE DATABASE /*!32312 IF NOT EXISTS*/`cmall_omc` /*!40100 DEFAULT CHARACTER SET utf8mb4 COLLATE utf8mb4_unicode_ci */;

USE `cmall_omc`;

/*Table structure for table `DATABASECHANGELOG` */

DROP TABLE IF EXISTS `DATABASECHANGELOG`;

CREATE TABLE `DATABASECHANGELOG` (
  `ID` varchar(255) CHARACTER SET utf8mb4 COLLATE utf8mb4_unicode_ci NOT NULL,
  `AUTHOR` varchar(255) CHARACTER SET utf8mb4 COLLATE utf8mb4_unicode_ci NOT NULL,
  `FILENAME` varchar(255) CHARACTER SET utf8mb4 COLLATE utf8mb4_unicode_ci NOT NULL,
  `DATEEXECUTED` datetime NOT NULL,
  `ORDEREXECUTED` int(11) NOT NULL,
  `EXECTYPE` varchar(10) CHARACTER SET utf8mb4 COLLATE utf8mb4_unicode_ci NOT NULL,
  `MD5SUM` varchar(35) CHARACTER SET utf8mb4 COLLATE utf8mb4_unicode_ci DEFAULT NULL,
  `DESCRIPTION` varchar(255) CHARACTER SET utf8mb4 COLLATE utf8mb4_unicode_ci DEFAULT NULL,
  `COMMENTS` varchar(255) CHARACTER SET utf8mb4 COLLATE utf8mb4_unicode_ci DEFAULT NULL,
  `TAG` varchar(255) CHARACTER SET utf8mb4 COLLATE utf8mb4_unicode_ci DEFAULT NULL,
  `LIQUIBASE` varchar(20) CHARACTER SET utf8mb4 COLLATE utf8mb4_unicode_ci DEFAULT NULL,
  `CONTEXTS` varchar(255) CHARACTER SET utf8mb4 COLLATE utf8mb4_unicode_ci DEFAULT NULL,
  `LABELS` varchar(255) CHARACTER SET utf8mb4 COLLATE utf8mb4_unicode_ci DEFAULT NULL,
  `DEPLOYMENT_ID` varchar(10) CHARACTER SET utf8mb4 COLLATE utf8mb4_unicode_ci DEFAULT NULL
) ENGINE=InnoDB DEFAULT CHARSET=utf8mb4 COLLATE=utf8mb4_unicode_ci;

/*Data for the table `DATABASECHANGELOG` */

/*Table structure for table `DATABASECHANGELOGLOCK` */

DROP TABLE IF EXISTS `DATABASECHANGELOGLOCK`;

CREATE TABLE `DATABASECHANGELOGLOCK` (
  `ID` int(11) NOT NULL,
  `LOCKED` bit(1) NOT NULL,
  `LOCKGRANTED` datetime DEFAULT NULL,
  `LOCKEDBY` varchar(255) CHARACTER SET utf8mb4 COLLATE utf8mb4_unicode_ci DEFAULT NULL,
  PRIMARY KEY (`ID`)
) ENGINE=InnoDB DEFAULT CHARSET=utf8mb4 COLLATE=utf8mb4_unicode_ci;

/*Data for the table `DATABASECHANGELOGLOCK` */

insert  into `DATABASECHANGELOGLOCK`(`ID`,`LOCKED`,`LOCKGRANTED`,`LOCKEDBY`) values (1,'\0',NULL,NULL);

/*Table structure for table `pc_omc_cart` */

DROP TABLE IF EXISTS `pc_omc_cart`;

CREATE TABLE `pc_omc_cart` (
  `id` bigint(20) NOT NULL AUTO_INCREMENT COMMENT 'ID',
  `version` int(11) DEFAULT '0' COMMENT '版本号',
  `user_id` bigint(20) NOT NULL COMMENT '用户ID',
  `product_id` bigint(20) NOT NULL COMMENT '商品ID',
  `quantity` int(11) DEFAULT NULL COMMENT '数量',
  `checked` int(11) DEFAULT NULL COMMENT '是否选择,1=已勾选,0=未勾选',
  `creator` varchar(20) CHARACTER SET utf8 COLLATE utf8_general_ci DEFAULT NULL COMMENT '创建人',
  `creator_id` bigint(20) DEFAULT NULL COMMENT '创建人ID',
  `created_time` datetime DEFAULT CURRENT_TIMESTAMP COMMENT '创建时间',
  `last_operator` varchar(20) CHARACTER SET utf8 COLLATE utf8_general_ci DEFAULT NULL COMMENT '最近操作人',
  `last_operator_id` bigint(20) DEFAULT NULL COMMENT '最后操作人ID',
  `update_time` datetime DEFAULT CURRENT_TIMESTAMP COMMENT '更新时间',
  PRIMARY KEY (`id`)
) ENGINE=InnoDB AUTO_INCREMENT=72 DEFAULT CHARSET=utf8mb4 COLLATE=utf8mb4_0900_ai_ci COMMENT='购物车表';

/*Data for the table `pc_omc_cart` */

/*Table structure for table `pc_omc_order` */

DROP TABLE IF EXISTS `pc_omc_order`;

CREATE TABLE `pc_omc_order` (
  `id` bigint(20) NOT NULL AUTO_INCREMENT COMMENT 'ID',
  `version` int(11) NOT NULL DEFAULT '0' COMMENT '版本号',
  `order_no` varchar(20) CHARACTER SET utf8 COLLATE utf8_general_ci DEFAULT '' COMMENT '订单号',
  `user_id` bigint(20) DEFAULT NULL COMMENT '用户ID',
  `shipping_id` bigint(20) DEFAULT NULL COMMENT '收货人ID',
  `payment` decimal(20,2) DEFAULT NULL COMMENT '实际付款金额,单位是元,保留两位小数',
  `payment_type` int(4) NOT NULL DEFAULT '1' COMMENT '支付类型,1-在线支付',
  `postage` int(10) DEFAULT '0' COMMENT '运费,单位是元',
  `status` int(10) DEFAULT '10' COMMENT '订单状态:0-已取消-10-未付款，20-已付款，40-已发货，50-交易成功，60-交易关闭',
  `payment_time` datetime DEFAULT NULL COMMENT '支付时间',
  `send_time` datetime DEFAULT NULL COMMENT '发货时间',
  `end_time` datetime DEFAULT NULL COMMENT '交易完成时间',
  `close_time` datetime DEFAULT NULL COMMENT '交易关闭时间',
  `creator` varchar(20) CHARACTER SET utf32 COLLATE utf32_general_ci DEFAULT '' COMMENT '创建人',
  `creator_id` bigint(20) DEFAULT NULL COMMENT '创建人ID',
  `created_time` datetime DEFAULT CURRENT_TIMESTAMP COMMENT '创建时间',
  `last_operator` varchar(20) CHARACTER SET utf8 COLLATE utf8_general_ci DEFAULT '' COMMENT '最近操作人',
  `last_operator_id` bigint(20) DEFAULT NULL COMMENT '最后操作人ID',
  `update_time` datetime DEFAULT CURRENT_TIMESTAMP COMMENT '更新时间',
  PRIMARY KEY (`id`),
  UNIQUE KEY `order_no_index` (`order_no`) USING BTREE
) ENGINE=InnoDB AUTO_INCREMENT=874650711105736706 DEFAULT CHARSET=utf8mb4 COLLATE=utf8mb4_0900_ai_ci COMMENT='订单表';

/*Data for the table `pc_omc_order` */

insert  into `pc_omc_order`(`id`,`version`,`order_no`,`user_id`,`shipping_id`,`payment`,`payment_type`,`postage`,`status`,`payment_time`,`send_time`,`end_time`,`close_time`,`creator`,`creator_id`,`created_time`,`last_operator`,`last_operator_id`,`update_time`) values (718055058163372032,0,'718055058146594816',1,4,'15195.00',1,0,10,NULL,NULL,NULL,NULL,'',NULL,'2019-09-18 17:27:13','',NULL,'2019-09-18 17:27:13'),(718781518209617920,0,'718781518201229312',1,4,'15195.00',1,0,10,NULL,NULL,NULL,NULL,'',NULL,'2019-09-19 17:30:34','',NULL,'2019-09-19 17:30:34'),(795590720927828992,0,'795590720902663168',1,7,'5997.00',1,0,10,NULL,NULL,NULL,NULL,'',NULL,'2020-01-03 16:56:44','',NULL,'2020-01-03 16:56:44'),(797711656367950848,0,'797711656351173632',1,4,'8597.00',1,0,10,NULL,NULL,NULL,NULL,'',NULL,'2020-01-06 15:10:39','',NULL,'2020-01-06 15:10:39'),(797842997206060033,0,'797842997206060032',1,4,'17894.00',1,0,10,NULL,NULL,NULL,NULL,'',NULL,'2020-01-06 19:31:36','',NULL,'2020-01-06 19:31:36'),(797850209823493121,0,'797850209823493120',1,4,'4299.00',1,0,10,NULL,NULL,NULL,NULL,'',NULL,'2020-01-06 19:45:56','',NULL,'2020-01-06 19:45:56'),(797857924314565633,0,'797857924314565632',1,4,'1999.00',1,0,10,NULL,NULL,NULL,NULL,'',NULL,'2020-01-06 20:01:16','',NULL,'2020-01-06 20:01:16'),(797858820452781057,0,'797858820452781056',1,4,'1999.00',1,0,10,NULL,NULL,NULL,NULL,'',NULL,'2020-01-06 20:03:03','',NULL,'2020-01-06 20:03:03'),(797862758962957313,0,'797862758962957312',1,4,'1999.00',1,0,10,NULL,NULL,NULL,NULL,'',NULL,'2020-01-06 20:10:52','',NULL,'2020-01-06 20:10:52'),(797869227150150657,0,'797869227150150656',1,4,'1999.00',1,0,10,NULL,NULL,NULL,NULL,'',NULL,'2020-01-06 20:23:43','',NULL,'2020-01-06 20:23:43'),(799120543121935360,0,'799120543113546752',1,4,'1999.00',1,0,10,NULL,NULL,NULL,NULL,'',NULL,'2020-01-08 13:49:52','',NULL,'2020-01-08 13:49:52'),(799128516066020353,0,'799128516066020352',1,4,'1999.00',1,0,10,NULL,NULL,NULL,NULL,'',NULL,'2020-01-08 14:05:42','',NULL,'2020-01-08 14:05:42'),(799130650379553793,0,'799130650379553792',1,4,'1999.00',1,0,10,NULL,NULL,NULL,NULL,'',NULL,'2020-01-08 14:09:57','',NULL,'2020-01-08 14:09:57'),(859390066420617216,0,'859390066412228608',719490697840821248,4,'9597.00',1,0,10,NULL,NULL,NULL,NULL,'',NULL,'2020-03-31 17:34:30','',NULL,'2020-03-31 17:34:30'),(861598935972581376,0,'861598935939026944',1,4,'9897.00',1,0,10,NULL,NULL,NULL,NULL,'',NULL,'2020-04-03 18:42:54','',NULL,'2020-04-03 18:42:54'),(861616326093836289,0,'861616326093836288',1,29,'3299.00',1,0,10,NULL,NULL,NULL,NULL,'',NULL,'2020-04-03 19:17:27','',NULL,'2020-04-03 19:17:27'),(861663424621318145,0,'861663424621318144',1,4,'29691.00',1,0,10,NULL,NULL,NULL,NULL,'',NULL,'2020-04-03 20:51:02','',NULL,'2020-04-03 20:51:02'),(862302532137914369,0,'862302532137914368',1,4,'3.00',1,0,10,NULL,NULL,NULL,NULL,'',NULL,'2020-04-04 18:00:45','',NULL,'2020-04-04 18:00:45'),(862306505108492289,0,'862306505108492288',1,4,'3.00',1,0,20,'2020-04-03 11:00:00',NULL,NULL,NULL,'',NULL,'2020-04-04 18:08:39','',NULL,'2020-04-04 18:08:39'),(862320847019315201,0,'862320847019315200',1,4,'3.00',1,0,20,'2020-04-03 11:00:00',NULL,NULL,NULL,'',NULL,'2020-04-04 18:37:09','',NULL,'2020-04-04 18:37:09'),(862322319589117953,0,'862322319589117952',1,4,'1999.00',1,0,20,'2020-04-03 11:00:00',NULL,NULL,NULL,'',NULL,'2020-04-04 18:40:04','',NULL,'2020-04-04 18:40:04'),(862324673516408833,0,'862324673516408832',1,4,'3.00',1,0,20,'2020-04-03 11:00:00',NULL,NULL,NULL,'',NULL,'2020-04-04 18:44:45','',NULL,'2020-04-04 18:44:45'),(865913203987582977,0,'865913203987582976',1,4,'3.00',1,0,10,NULL,NULL,NULL,NULL,'',NULL,'2020-04-09 17:34:48','',NULL,'2020-04-09 17:34:48'),(865914621293236225,0,'865914621293236224',1,4,'3.00',1,0,10,NULL,NULL,NULL,NULL,'',NULL,'2020-04-09 17:37:37','',NULL,'2020-04-09 17:37:37'),(865919707490816000,0,'865919707482427392',1,4,'3.00',1,0,10,NULL,NULL,NULL,NULL,'',NULL,'2020-04-09 17:47:43','',NULL,'2020-04-09 17:47:43'),(865927109741121537,0,'865927109741121536',1,4,'3.00',1,0,10,NULL,NULL,NULL,NULL,'',NULL,'2020-04-09 18:02:25','',NULL,'2020-04-09 18:02:25'),(865939135683104769,0,'865939135683104768',1,4,'3.00',1,0,10,NULL,NULL,NULL,NULL,'',NULL,'2020-04-09 18:26:19','',NULL,'2020-04-09 18:26:19'),(865941669378265089,0,'865941669378265088',1,4,'3.00',1,0,10,NULL,NULL,NULL,NULL,'',NULL,'2020-04-09 18:31:21','',NULL,'2020-04-09 18:31:21'),(865952130727415808,0,'865952130719027200',1,4,'3.00',1,0,10,NULL,NULL,NULL,NULL,'',NULL,'2020-04-09 18:52:08','',NULL,'2020-04-09 18:52:08'),(865953581495226368,0,'865953581486837760',1,4,'3.00',1,0,20,'2020-04-08 11:00:00',NULL,NULL,NULL,'',NULL,'2020-04-09 18:55:01','',NULL,'2020-04-09 18:55:01'),(865954309299245057,0,'865954309299245056',1,4,'3.00',1,0,20,'2020-04-08 11:00:00',NULL,NULL,NULL,'',NULL,'2020-04-09 18:56:28','',NULL,'2020-04-09 18:56:28'),(865956861298348033,0,'865956861298348032',1,7,'1999.00',1,0,20,'2020-04-08 11:00:00',NULL,NULL,NULL,'',NULL,'2020-04-09 19:01:32','',NULL,'2020-04-09 19:01:32'),(866622497880018944,0,'866622497871630336',1,4,'15.00',1,0,10,NULL,NULL,NULL,NULL,'',NULL,'2020-04-10 17:03:56','',NULL,'2020-04-10 17:03:56'),(866651718119591936,0,'866651718094426112',1,4,'1999.00',1,0,20,'2020-04-09 11:00:00',NULL,NULL,NULL,'',NULL,'2020-04-10 18:01:59','',NULL,'2020-04-10 18:01:59'),(866664024920559617,0,'866664024920559616',1,4,'3998.00',1,0,20,'2020-04-09 11:00:00',NULL,NULL,NULL,'',NULL,'2020-04-10 18:26:26','',NULL,'2020-04-10 18:26:26'),(867349499033423873,0,'867349499033423872',1,4,'1.00',1,0,20,'2020-04-11 00:00:00',NULL,NULL,NULL,'',NULL,'2020-04-11 17:08:16','',NULL,'2020-04-11 17:08:16'),(869012444494696448,0,'869012444486307840',868232311550772224,4,'3.00',1,0,10,NULL,NULL,NULL,NULL,'',NULL,'2020-04-13 21:40:59','',NULL,'2020-04-13 21:40:59'),(869024318107947009,0,'869024318107947008',868232311550772224,4,'6298.00',1,0,10,NULL,NULL,NULL,NULL,'',NULL,'2020-04-13 22:04:35','',NULL,'2020-04-13 22:04:35'),(869531893727498241,0,'869531893727498240',1,4,'3.00',1,0,10,NULL,NULL,NULL,NULL,'',NULL,'2020-04-14 17:24:37','',NULL,'2020-04-14 17:24:37'),(869533916304773120,0,'869533916296384512',1,4,'3.00',1,0,20,'2020-04-14 00:00:00',NULL,NULL,NULL,'',NULL,'2020-04-14 17:28:38','',NULL,'2020-04-14 17:28:38'),(869534604481007617,0,'869534604481007616',1,4,'3.00',1,0,10,NULL,NULL,NULL,NULL,'',NULL,'2020-04-14 17:30:00','',NULL,'2020-04-14 17:30:00'),(869535331546828801,0,'869535331546828800',1,4,'3.00',1,0,20,'2020-04-14 00:00:00',NULL,NULL,NULL,'',NULL,'2020-04-14 17:31:27','',NULL,'2020-04-14 17:31:27'),(869537037881970689,0,'869537037881970688',868232311550772224,4,'15.00',1,0,20,'2020-04-14 00:00:00',NULL,NULL,NULL,'',NULL,'2020-04-14 17:34:50','',NULL,'2020-04-14 17:34:50'),(869538302347186177,0,'869538302347186176',868232311550772224,4,'18.00',1,0,20,'2020-04-14 00:00:00',NULL,NULL,NULL,'',NULL,'2020-04-14 17:37:21','',NULL,'2020-04-14 17:37:21'),(874650711105736705,0,'874650711105736704',1,4,'3.00',1,0,10,NULL,NULL,NULL,NULL,'',NULL,'2020-04-21 18:54:46','',NULL,'2020-04-21 18:54:46');

/*Table structure for table `pc_omc_order_detail` */

DROP TABLE IF EXISTS `pc_omc_order_detail`;

CREATE TABLE `pc_omc_order_detail` (
  `id` bigint(20) NOT NULL AUTO_INCREMENT COMMENT 'ID',
  `version` int(11) DEFAULT '0' COMMENT '版本号',
  `detail_no` varchar(20) CHARACTER SET utf8 COLLATE utf8_general_ci DEFAULT '' COMMENT '订单明细序列号',
  `user_id` bigint(20) DEFAULT NULL COMMENT '用户ID',
  `order_no` varchar(20) CHARACTER SET utf8 COLLATE utf8_general_ci DEFAULT '' COMMENT '订单号',
  `product_id` bigint(20) DEFAULT NULL COMMENT '商品ID',
  `product_name` varchar(100) CHARACTER SET utf8 COLLATE utf8_general_ci DEFAULT '' COMMENT '商品名称',
  `product_image` varchar(500) CHARACTER SET utf8 COLLATE utf8_general_ci DEFAULT '' COMMENT '商品图片地址',
  `current_unit_price` decimal(20,2) DEFAULT NULL COMMENT '生成订单时的商品单价，单位是元,保留两位小数',
  `quantity` int(10) DEFAULT NULL COMMENT '商品数量',
  `total_price` decimal(20,2) DEFAULT NULL COMMENT '商品总价,单位是元,保留两位小数',
  `creator` varchar(20) CHARACTER SET utf8 COLLATE utf8_general_ci DEFAULT '' COMMENT '创建人',
  `creator_id` bigint(20) DEFAULT NULL COMMENT '创建人ID',
  `created_time` datetime DEFAULT CURRENT_TIMESTAMP COMMENT '创建时间',
  `last_operator` varchar(20) CHARACTER SET utf8 COLLATE utf8_general_ci DEFAULT '' COMMENT '最近操作人',
  `last_operator_id` bigint(20) DEFAULT NULL COMMENT '最后操作人ID',
  `update_time` datetime DEFAULT CURRENT_TIMESTAMP COMMENT '更新时间',
  PRIMARY KEY (`id`),
  KEY `order_no_index` (`order_no`) USING BTREE,
  KEY `order_no_user_id_index` (`order_no`) USING BTREE
) ENGINE=InnoDB AUTO_INCREMENT=874650711281897473 DEFAULT CHARSET=utf8mb4 COLLATE=utf8mb4_0900_ai_ci COMMENT='订单明细表';

/*Data for the table `pc_omc_order_detail` */

insert  into `pc_omc_order_detail`(`id`,`version`,`detail_no`,`user_id`,`order_no`,`product_id`,`product_name`,`product_image`,`current_unit_price`,`quantity`,`total_price`,`creator`,`creator_id`,`created_time`,`last_operator`,`last_operator_id`,`update_time`) values (718055058280812544,NULL,NULL,1,'718055058146594816',27,'Midea/美的 BCD-535WKZM(E)冰箱双开门对开门风冷无霜智能电家用','314167466638974976','3299.00',4,'13196.00','超级管理员',1,'2019-09-18 04:27:13','超级管理员',1,'2019-09-18 04:27:13'),(718055058280812545,NULL,NULL,1,'718055058146594816',28,'4+64G送手环/Huawei/华为 nova 手机P9/P10plus青春','314169253622194176','1999.00',1,'1999.00','超级管理员',1,'2019-09-18 04:27:13','超级管理员',1,'2019-09-18 04:27:13'),(718781518301892608,NULL,NULL,1,'718781518201229312',27,'Midea/美的 BCD-535WKZM(E)冰箱双开门对开门风冷无霜智能电家用','314167466638974976','3299.00',4,'13196.00','超级管理员',1,'2019-09-19 04:30:34','超级管理员',1,'2019-09-19 04:30:34'),(718781518301892609,NULL,NULL,1,'718781518201229312',28,'4+64G送手环/Huawei/华为 nova 手机P9/P10plus青春','314169253622194176','1999.00',1,'1999.00','超级管理员',1,'2019-09-19 04:30:34','超级管理员',1,'2019-09-19 04:30:34'),(795590721271761920,NULL,NULL,1,'795590720902663168',28,'4+64G送手环/Huawei/华为 nova 手机P9/P10plus青春','314169253622194176','1999.00',3,'5997.00','超级管理员',1,'2020-01-03 02:56:45','超级管理员',1,'2020-01-03 02:56:45'),(797711656837712896,NULL,NULL,1,'797711656351173632',27,'Midea/美的 BCD-535WKZM(E)冰箱双开门对开门风冷无霜智能电家用','314167466638974976','3299.00',2,'6598.00','超级管理员',1,'2020-01-06 01:10:40','超级管理员',1,'2020-01-06 01:10:40'),(797711656837712897,NULL,NULL,1,'797711656351173632',28,'4+64G送手环/Huawei/华为 nova 手机P9/P10plus青春','314169253622194176','1999.00',1,'1999.00','超级管理员',1,'2020-01-06 01:10:40','超级管理员',1,'2020-01-06 01:10:40'),(797842997617101824,NULL,NULL,1,'797842997206060032',29,'Haier/海尔HJ100-1HU1 10公斤滚筒洗衣机全自动带烘干家用大容量 洗烘一体','314169831807000576','4299.00',2,'8598.00','超级管理员',1,'2020-01-06 05:31:37','超级管理员',1,'2020-01-06 05:31:37'),(797842997617101825,NULL,NULL,1,'797842997206060032',28,'4+64G送手环/Huawei/华为 nova 手机P9/P10plus青春','314169253622194176','1999.00',3,'5997.00','超级管理员',1,'2020-01-06 05:31:37','超级管理员',1,'2020-01-06 05:31:37'),(797842997617101826,NULL,NULL,1,'797842997206060032',27,'Midea/美的 BCD-535WKZM(E)冰箱双开门对开门风冷无霜智能电家用','314167466638974976','3299.00',1,'3299.00','超级管理员',1,'2020-01-06 05:31:37','超级管理员',1,'2020-01-06 05:31:37'),(797850210242923520,NULL,NULL,1,'797850209823493120',29,'Haier/海尔HJ100-1HU1 10公斤滚筒洗衣机全自动带烘干家用大容量 洗烘一体','314169831807000576','4299.00',1,'4299.00','超级管理员',1,'2020-01-06 05:45:57','超级管理员',1,'2020-01-06 05:45:57'),(797857924633332736,NULL,NULL,1,'797857924314565632',28,'4+64G送手环/Huawei/华为 nova 手机P9/P10plus青春','314169253622194176','1999.00',1,'1999.00','超级管理员',1,'2020-01-06 06:01:16','超级管理员',1,'2020-01-06 06:01:16'),(797858820595387392,NULL,NULL,1,'797858820452781056',28,'4+64G送手环/Huawei/华为 nova 手机P9/P10plus青春','314169253622194176','1999.00',1,'1999.00','超级管理员',1,'2020-01-06 06:03:03','超级管理员',1,'2020-01-06 06:03:03'),(797862759248169984,NULL,NULL,1,'797862758962957312',28,'4+64G送手环/Huawei/华为 nova 手机P9/P10plus青春','314169253622194176','1999.00',1,'1999.00','超级管理员',1,'2020-01-06 06:10:53','超级管理员',1,'2020-01-06 06:10:53'),(797869227519249408,NULL,NULL,1,'797869227150150656',28,'4+64G送手环/Huawei/华为 nova 手机P9/P10plus青春','314169253622194176','1999.00',1,'1999.00','超级管理员',1,'2020-01-06 06:23:44','超级管理员',1,'2020-01-06 06:23:44'),(799120543499422720,NULL,NULL,1,'799120543113546752',28,'4+64G送手环/Huawei/华为 nova 手机P9/P10plus青春','314169253622194176','1999.00',1,'1999.00','超级管理员',1,'2020-01-07 23:49:52','超级管理员',1,'2020-01-07 23:49:52'),(799128516149906432,NULL,NULL,1,'799128516066020352',28,'4+64G送手环/Huawei/华为 nova 手机P9/P10plus青春','314169253622194176','1999.00',1,'1999.00','超级管理员',1,'2020-01-08 00:05:43','超级管理员',1,'2020-01-08 00:05:43'),(799130650698320896,NULL,NULL,1,'799130650379553792',28,'4+64G送手环/Huawei/华为 nova 手机P9/P10plus青春','314169253622194176','1999.00',1,'1999.00','超级管理员',1,'2020-01-08 00:09:57','超级管理员',1,'2020-01-08 00:09:57'),(859390066697441280,NULL,NULL,719490697840821248,'859390066412228608',27,'Midea/美的 BCD-535WKZM(E)冰箱双开门对开门风冷无霜智能电家用','314167466638974976','3299.00',1,'3299.00','潘帅',719490697840821248,'2020-03-31 04:34:39','潘帅',719490697840821248,'2020-03-31 04:34:39'),(859390066697441281,NULL,NULL,719490697840821248,'859390066412228608',29,'Haier/海尔HJ100-1HU1 10公斤滚筒洗衣机全自动带烘干家用大容量 洗烘一体','314169831807000576','4299.00',1,'4299.00','潘帅',719490697840821248,'2020-03-31 04:34:39','潘帅',719490697840821248,'2020-03-31 04:34:39'),(859390066697441282,NULL,NULL,719490697840821248,'859390066412228608',28,'4+64G送手环/Huawei/华为 nova 手机P9/P10plus青春','314169253622194176','1999.00',1,'1999.00','潘帅',719490697840821248,'2020-03-31 04:34:39','潘帅',719490697840821248,'2020-03-31 04:34:39'),(861598936081633280,NULL,NULL,1,'861598935939026944',27,'Midea/美的 BCD-535WKZM(E)冰箱双开门对开门风冷无霜智能电家用','314167466638974976','3299.00',3,'9897.00','超级管理员',1,'2020-04-03 05:43:17','超级管理员',1,'2020-04-03 05:43:17'),(861616326437769216,NULL,NULL,1,'861616326093836288',27,'Midea/美的 BCD-535WKZM(E)冰箱双开门对开门风冷无霜智能电家用','314167466638974976','3299.00',1,'3299.00','超级管理员',1,'2020-04-03 06:17:50','超级管理员',1,'2020-04-03 06:17:50'),(861663424654872576,NULL,NULL,1,'861663424621318144',27,'Midea/美的 BCD-535WKZM(E)冰箱双开门对开门风冷无霜智能电家用','314167466638974976','3299.00',9,'29691.00','超级管理员',1,'2020-04-03 07:51:25','超级管理员',1,'2020-04-03 07:51:25'),(862302532238577664,NULL,NULL,1,'862302532137914368',312415946738247680,'1','314170064850919424','3.00',1,'3.00','超级管理员',1,'2020-04-04 05:01:12','超级管理员',1,'2020-04-04 05:01:12'),(862306505217544192,NULL,NULL,1,'862306505108492288',312415946738247680,'1','314170064850919424','3.00',1,'3.00','超级管理员',1,'2020-04-04 05:09:06','超级管理员',1,'2020-04-04 05:09:06'),(862320847086424064,NULL,NULL,1,'862320847019315200',312415946738247680,'1','314170064850919424','3.00',1,'3.00','超级管理员',1,'2020-04-04 05:37:36','超级管理员',1,'2020-04-04 05:37:36'),(862322319664615424,NULL,NULL,1,'862322319589117952',28,'4+64G送手环/Huawei/华为 nova 手机P9/P10plus青春','314169253622194176','1999.00',1,'1999.00','超级管理员',1,'2020-04-04 05:40:31','超级管理员',1,'2020-04-04 05:40:31'),(862324673541574656,NULL,NULL,1,'862324673516408832',312415946738247680,'1','314170064850919424','3.00',1,'3.00','超级管理员',1,'2020-04-04 05:45:12','超级管理员',1,'2020-04-04 05:45:12'),(865913204046303232,NULL,NULL,1,'865913203987582976',312415946738247680,'1','314170064850919424','3.00',1,'3.00','超级管理员',1,'2020-04-09 04:34:58','超级管理员',1,'2020-04-09 04:34:58'),(865914621360345088,NULL,NULL,1,'865914621293236224',312415946738247680,'1','314170064850919424','3.00',1,'3.00','超级管理员',1,'2020-04-09 04:37:47','超级管理员',1,'2020-04-09 04:37:47'),(865919707557924864,NULL,NULL,1,'865919707482427392',312415946738247680,'1','314170064850919424','3.00',1,'3.00','超级管理员',1,'2020-04-09 04:47:53','超级管理员',1,'2020-04-09 04:47:53'),(865927109858562048,NULL,NULL,1,'865927109741121536',312415946738247680,'1','314170064850919424','3.00',1,'3.00','超级管理员',1,'2020-04-09 05:02:36','超级管理员',1,'2020-04-09 05:02:36'),(865939135783768064,NULL,NULL,1,'865939135683104768',312415946738247680,'1','314170064850919424','3.00',1,'3.00','超级管理员',1,'2020-04-09 05:26:29','超级管理员',1,'2020-04-09 05:26:29'),(865941669420208128,NULL,NULL,1,'865941669378265088',312415946738247680,'1','314170064850919424','3.00',1,'3.00','超级管理员',1,'2020-04-09 05:31:31','超级管理员',1,'2020-04-09 05:31:31'),(865952130794524672,NULL,NULL,1,'865952130719027200',312415946738247680,'1','314170064850919424','3.00',1,'3.00','超级管理员',1,'2020-04-09 05:52:18','超级管理员',1,'2020-04-09 05:52:18'),(865953581595889664,NULL,NULL,1,'865953581486837760',312415946738247680,'1','314170064850919424','3.00',1,'3.00','超级管理员',1,'2020-04-09 05:55:11','超级管理员',1,'2020-04-09 05:55:11'),(865954309349576704,NULL,NULL,1,'865954309299245056',312415946738247680,'1','314170064850919424','3.00',1,'3.00','超级管理员',1,'2020-04-09 05:56:38','超级管理员',1,'2020-04-09 05:56:38'),(865956861323513856,NULL,NULL,1,'865956861298348032',28,'4+64G送手环/Huawei/华为 nova 手机P9/P10plus青春','314169253622194176','1999.00',1,'1999.00','超级管理员',1,'2020-04-09 06:01:42','超级管理员',1,'2020-04-09 06:01:42'),(866622497947127808,NULL,NULL,1,'866622497871630336',312415946738247680,'1','314170064850919424','3.00',5,'15.00','超级管理员',1,'2020-04-10 04:04:12','超级管理员',1,'2020-04-10 04:04:12'),(866651718388027392,NULL,NULL,1,'866651718094426112',28,'4+64G送手环/Huawei/华为 nova 手机P9/P10plus青春','314169253622194176','1999.00',1,'1999.00','超级管理员',1,'2020-04-10 05:02:16','超级管理员',1,'2020-04-10 05:02:16'),(866664024996057088,NULL,NULL,1,'866664024920559616',28,'4+64G送手环/Huawei/华为 nova 手机P9/P10plus青春','314169253622194176','1999.00',2,'3998.00','超级管理员',1,'2020-04-10 05:26:43','超级管理员',1,'2020-04-10 05:26:43'),(867349499134087168,NULL,NULL,1,'867349499033423872',312426496268445696,'这就是一个商品','314169969338228736','1.00',1,'1.00','超级管理员',1,'2020-04-11 17:08:38','超级管理员',1,'2020-04-11 17:08:38'),(869012444561805312,NULL,NULL,868232311550772224,'869012444486307840',312415946738247680,' 宝马 6系GT 2018款 630i 豪华设计套装 01390913','314170064850919424','3.00',1,'3.00','一颗奔腾的心',868232311550772224,'2020-04-14 00:12:36','一颗奔腾的心',868232311550772224,'2020-04-14 00:12:36'),(869024318183444480,NULL,NULL,868232311550772224,'869024318107947008',28,'4+64G送手环/Huawei/华为 nova 手机P9/P10plus青春','314169253622194176','1999.00',1,'1999.00','一颗奔腾的心',868232311550772224,'2020-04-14 00:36:12','一颗奔腾的心',868232311550772224,'2020-04-14 00:36:12'),(869024318183444481,NULL,NULL,868232311550772224,'869024318107947008',29,'Haier/海尔HJ100-1HU1 10公斤滚筒洗衣机全自动带烘干家用大容量 洗烘一体','314169831807000576','4299.00',1,'4299.00','一颗奔腾的心',868232311550772224,'2020-04-14 00:36:12','一颗奔腾的心',868232311550772224,'2020-04-14 00:36:12'),(869531893802995712,NULL,NULL,1,'869531893727498240',312415946738247680,' 宝马 6系GT 2018款 630i 豪华设计套装 01390913','314170064850919424','3.00',1,'3.00','超级管理员',1,'2020-04-14 17:24:39','超级管理员',1,'2020-04-14 17:24:39'),(869533916422213632,NULL,NULL,1,'869533916296384512',312415946738247680,' 宝马 6系GT 2018款 630i 豪华设计套装 01390913','314170064850919424','3.00',1,'3.00','超级管理员',1,'2020-04-14 17:28:40','超级管理员',1,'2020-04-14 17:28:40'),(869534604539727872,NULL,NULL,1,'869534604481007616',312415946738247680,' 宝马 6系GT 2018款 630i 豪华设计套装 01390913','314170064850919424','3.00',1,'3.00','超级管理员',1,'2020-04-14 17:30:02','超级管理员',1,'2020-04-14 17:30:02'),(869535331613937664,NULL,NULL,1,'869535331546828800',312415946738247680,' 宝马 6系GT 2018款 630i 豪华设计套装 01390913','314170064850919424','3.00',1,'3.00','超级管理员',1,'2020-04-14 17:31:29','超级管理员',1,'2020-04-14 17:31:29'),(869537037915525120,NULL,NULL,868232311550772224,'869537037881970688',312415946738247680,' 宝马 6系GT 2018款 630i 豪华设计套装 01390913','314170064850919424','3.00',5,'15.00','一颗奔腾的心',868232311550772224,'2020-04-14 17:34:53','一颗奔腾的心',868232311550772224,'2020-04-14 17:34:53'),(869538302389129216,NULL,NULL,868232311550772224,'869538302347186176',312415946738247680,' 宝马 6系GT 2018款 630i 豪华设计套装 01390913','314170064850919424','3.00',6,'18.00','一颗奔腾的心',868232311550772224,'2020-04-14 17:37:23','一颗奔腾的心',868232311550772224,'2020-04-14 17:37:23'),(874650711281897472,NULL,NULL,1,'874650711105736704',312415946738247680,' 宝马 6系GT 2018款 630i 豪华设计套装 01390913','314170064850919424','3.00',1,'3.00','超级管理员',1,'2020-04-21 05:54:50','超级管理员',1,'2020-04-21 05:54:50');

/*Table structure for table `pc_omc_shipping` */

DROP TABLE IF EXISTS `pc_omc_shipping`;

CREATE TABLE `pc_omc_shipping` (
  `id` bigint(20) NOT NULL AUTO_INCREMENT COMMENT 'ID',
  `version` int(11) NOT NULL DEFAULT '0' COMMENT '版本号',
  `user_id` bigint(20) DEFAULT NULL COMMENT '用户id',
  `receiver_name` varchar(20) CHARACTER SET utf8 COLLATE utf8_general_ci DEFAULT '' COMMENT '收货姓名',
  `receiver_phone_no` varchar(20) CHARACTER SET utf8 COLLATE utf8_general_ci DEFAULT '' COMMENT '收货固定电话',
  `receiver_mobile_no` varchar(11) CHARACTER SET utf8 COLLATE utf8_general_ci DEFAULT '' COMMENT '收货移动电话',
  `province_id` bigint(32) DEFAULT NULL COMMENT '收货人省ID',
  `province_name` varchar(20) CHARACTER SET utf8 COLLATE utf8_general_ci DEFAULT '' COMMENT '省份',
  `city_id` bigint(20) DEFAULT NULL COMMENT '收货人城市ID',
  `city_name` varchar(20) CHARACTER SET utf8 COLLATE utf8_general_ci DEFAULT '' COMMENT '收货人城市名称',
  `district_name` varchar(20) CHARACTER SET utf8 COLLATE utf8_general_ci DEFAULT '' COMMENT '区/县',
  `district_id` varchar(32) CHARACTER SET utf8 COLLATE utf8_general_ci DEFAULT '' COMMENT '区/县 编码',
  `street_id` varchar(32) CHARACTER SET utf8 COLLATE utf8_general_ci DEFAULT '' COMMENT '街道ID',
  `street_name` varchar(100) CHARACTER SET utf8 COLLATE utf8_general_ci DEFAULT '' COMMENT '接到名称',
  `detail_address` varchar(200) CHARACTER SET utf8 COLLATE utf8_general_ci DEFAULT '' COMMENT '详细地址',
  `receiver_zip_code` varchar(6) CHARACTER SET utf8 COLLATE utf8_general_ci DEFAULT '' COMMENT '邮编',
  `default_address` int(1) DEFAULT '0' COMMENT '默认地址',
  `creator` varchar(20) CHARACTER SET utf8 COLLATE utf8_general_ci DEFAULT '' COMMENT '创建人',
  `creator_id` bigint(20) DEFAULT NULL COMMENT '创建人ID',
  `created_time` datetime DEFAULT CURRENT_TIMESTAMP COMMENT '创建时间',
  `last_operator` varchar(20) CHARACTER SET utf8 COLLATE utf8_general_ci DEFAULT '' COMMENT '最近操作人',
  `last_operator_id` bigint(20) DEFAULT NULL COMMENT '最后操作人ID',
  `update_time` datetime DEFAULT CURRENT_TIMESTAMP COMMENT '更新时间',
  PRIMARY KEY (`id`)
) ENGINE=InnoDB AUTO_INCREMENT=30 DEFAULT CHARSET=utf8mb4 COLLATE=utf8mb4_0900_ai_ci COMMENT='收货人信息表';

/*Data for the table `pc_omc_shipping` */

insert  into `pc_omc_shipping`(`id`,`version`,`user_id`,`receiver_name`,`receiver_phone_no`,`receiver_mobile_no`,`province_id`,`province_name`,`city_id`,`city_name`,`district_name`,`district_id`,`street_id`,`street_name`,`detail_address`,`receiver_zip_code`,`default_address`,`creator`,`creator_id`,`created_time`,`last_operator`,`last_operator_id`,`update_time`) values (4,0,1,'jack','13800138000','18688888888',NULL,'北京',NULL,'北京市','海淀区','','','西二街','中关村','100000',0,'admin',1,'2017-07-12 14:01:35','admin',1,'2017-07-12 14:01:35'),(7,0,1,'Rosen','13800138000','13800138000',NULL,'北京',NULL,'北京',NULL,'','','东二街','中关村','100000',1,'admin',1,'2017-07-12 14:01:35','admin',1,'2017-07-12 14:01:35'),(29,0,1,'吉利','13800138000','13800138000',NULL,'北京',NULL,'北京','海淀区','','','背二街','海淀区中关村','100000',1,'admin',1,'2017-07-12 14:01:35','admin',1,'2017-07-12 14:01:35');

/*Table structure for table `pc_ptc_pay_info` */

DROP TABLE IF EXISTS `pc_ptc_pay_info`;

CREATE TABLE `pc_ptc_pay_info` (
  `id` bigint(20) NOT NULL COMMENT 'ID',
  `version` int(11) NOT NULL DEFAULT '0' COMMENT '版本号',
  `user_id` bigint(20) DEFAULT NULL COMMENT '用户id',
  `order_no` varchar(50) DEFAULT '' COMMENT '订单号',
  `pay_platform` int(10) DEFAULT NULL COMMENT '支付平台:1-支付宝,2-微信',
  `platform_number` varchar(200) DEFAULT '' COMMENT '支付宝支付流水号',
  `platform_status` varchar(20) DEFAULT '' COMMENT '支付宝支付状态',
  `creator` varchar(20) DEFAULT '' COMMENT '创建人',
  `creator_id` bigint(32) DEFAULT NULL COMMENT '创建人ID',
  `created_time` datetime DEFAULT CURRENT_TIMESTAMP COMMENT '创建时间',
  `last_operator` varchar(20) DEFAULT '' COMMENT '最近操作人',
  `last_operator_id` bigint(32) DEFAULT NULL COMMENT '最后操作人ID',
  `update_time` datetime DEFAULT CURRENT_TIMESTAMP COMMENT '更新时间',
  PRIMARY KEY (`id`)
) ENGINE=InnoDB DEFAULT CHARSET=utf8 COMMENT='支付表';

/*Data for the table `pc_ptc_pay_info` */

insert  into `pc_ptc_pay_info`(`id`,`version`,`user_id`,`order_no`,`pay_platform`,`platform_number`,`platform_status`,`creator`,`creator_id`,`created_time`,`last_operator`,`last_operator_id`,`update_time`) values (862306951533432832,0,1,'862306505108492288',1,'2020040422001469310500650889','TRADE_SUCCESS','',1,'2020-04-04 05:09:59','',NULL,'2020-04-04 05:09:59'),(862320909178900480,0,1,'862320847019315200',1,'2020040422001469310500650891','WAIT_BUYER_PAY','',1,'2020-04-04 05:37:43','',NULL,'2020-04-04 05:37:43'),(862320996252651520,0,1,'862320847019315200',1,'2020040422001469310500650891','TRADE_SUCCESS','',1,'2020-04-04 05:37:53','',NULL,'2020-04-04 05:37:53'),(862322398953738240,0,1,'862322319589117952',1,'2020040422001469310500650771','WAIT_BUYER_PAY','',1,'2020-04-04 05:40:41','',NULL,'2020-04-04 05:40:41'),(862322525613330432,0,1,'862322319589117952',1,'2020040422001469310500650771','TRADE_SUCCESS','',1,'2020-04-04 05:40:56','',NULL,'2020-04-04 05:40:56'),(862324746807676928,0,1,'862324673516408832',1,'2020040422001469310500650465','WAIT_BUYER_PAY','',1,'2020-04-04 05:45:20','',NULL,'2020-04-04 05:45:20'),(862324851262623744,0,1,'862324673516408832',1,'2020040422001469310500650465','TRADE_SUCCESS','',1,'2020-04-04 05:45:33','',NULL,'2020-04-04 05:45:33'),(865952214026293248,0,1,'865952130719027200',1,'2020040922001469310500653418','WAIT_BUYER_PAY','',1,'2020-04-09 05:52:28','',NULL,'2020-04-09 05:52:28'),(865953891387183104,0,1,'865953581486837760',1,'2020040922001469310500653419','TRADE_SUCCESS','',1,'2020-04-09 05:55:48','',NULL,'2020-04-09 05:55:48'),(865954442283847680,0,1,'865954309299245056',1,'2020040922001469310500653301','WAIT_BUYER_PAY','',1,'2020-04-09 05:56:54','',NULL,'2020-04-09 05:56:54'),(865954539658809344,0,1,'865954309299245056',1,'2020040922001469310500653301','TRADE_SUCCESS','',1,'2020-04-09 05:57:05','',NULL,'2020-04-09 05:57:05'),(865957150436888576,0,1,'865956861298348032',1,'2020040922001469310500653420','TRADE_SUCCESS','',1,'2020-04-09 06:02:17','',NULL,'2020-04-09 06:02:17'),(866651816954171392,0,1,'866651718094426112',1,'2020041022001469310500653543','WAIT_BUYER_PAY','',1,'2020-04-10 05:02:27','',NULL,'2020-04-10 05:02:27'),(866651931097960448,0,1,'866651718094426112',1,'2020041022001469310500653543','TRADE_SUCCESS','',1,'2020-04-10 05:02:41','',NULL,'2020-04-10 05:02:41'),(866664120592633856,0,1,'866664024920559616',1,'2020041022001469310500654129','WAIT_BUYER_PAY','',1,'2020-04-10 05:26:54','',NULL,'2020-04-10 05:26:54'),(866664309436977152,0,1,'866664024920559616',1,'2020041022001469310500654129','TRADE_SUCCESS','',1,'2020-04-10 05:27:17','',NULL,'2020-04-10 05:27:17'),(867349797449764864,0,1,'867349499033423872',1,'2020041122001469310500654563','WAIT_BUYER_PAY','',1,'2020-04-11 17:09:13','',NULL,'2020-04-11 17:09:13'),(867349922926563328,0,1,'867349499033423872',1,'2020041122001469310500654563','TRADE_SUCCESS','',1,'2020-04-11 17:09:28','',NULL,'2020-04-11 17:09:28'),(869533987817656320,0,1,'869533916296384512',1,'2020041422001469310500656980','WAIT_BUYER_PAY','',1,'2020-04-14 17:28:49','',NULL,'2020-04-14 17:28:49'),(869534465909592064,0,1,'869533916296384512',1,'2020041422001469310500656980','TRADE_SUCCESS','',1,'2020-04-14 17:29:46','',NULL,'2020-04-14 17:29:46'),(869535461016604672,0,1,'869535331546828800',1,'2020041422001469310500657155','WAIT_BUYER_PAY','',1,'2020-04-14 17:31:45','',NULL,'2020-04-14 17:31:45'),(869535569179316224,0,1,'869535331546828800',1,'2020041422001469310500657155','TRADE_SUCCESS','',1,'2020-04-14 17:31:57','',NULL,'2020-04-14 17:31:57'),(869537151287562240,0,868232311550772224,'869537037881970688',1,'2020041422001469310500657157','WAIT_BUYER_PAY','',868232311550772224,'2020-04-14 17:35:06','',NULL,'2020-04-14 17:35:06'),(869537271487926272,0,868232311550772224,'869537037881970688',1,'2020041422001469310500657157','TRADE_SUCCESS','',868232311550772224,'2020-04-14 17:35:20','',NULL,'2020-04-14 17:35:20'),(869538447075840000,0,868232311550772224,'869538302347186176',1,'2020041422001469310500656682','WAIT_BUYER_PAY','',868232311550772224,'2020-04-14 17:37:41','',NULL,'2020-04-14 17:37:41'),(869538545348382720,0,868232311550772224,'869538302347186176',1,'2020041422001469310500656682','TRADE_SUCCESS','',868232311550772224,'2020-04-14 17:37:52','',NULL,'2020-04-14 17:37:52');

/*!40101 SET SQL_MODE=@OLD_SQL_MODE */;
/*!40014 SET FOREIGN_KEY_CHECKS=@OLD_FOREIGN_KEY_CHECKS */;
/*!40014 SET UNIQUE_CHECKS=@OLD_UNIQUE_CHECKS */;
/*!40111 SET SQL_NOTES=@OLD_SQL_NOTES */;
